{
"lengthUnit": "mil",
"remark": [],
"components": {
	"fields": ["COMPONENT_NO", "COMPONENT_NAME", "LAYER", "X_COORDINATE", "Y_COORDINATE", "ANGLE"],
	"rows": [
		[1, "C1", "T", 380, -751.7999, 270],
		[2, "C2", "T", 335.103, -915.213, 0],
		[3, "C3", "T", 225, -1108.1495, 270],
		[4, "C4", "T", 225, -1360.3325, 270],
		[5, "C5", "T", 335.1181, -1290, 180],
		[6, "LED1", "T", 950, -1396.0575, 180],
		[7, "Q1_8050", "T", 880, -755.4414, 270],
		[8, "Q2_8050", "T", 730, -755.4414, 270],
		[9, "R1", "T", 191.984, -750, 90],
		[10, "R2", "T", 305, -750, 270],
		[11, "R3", "T", 453.4719, -753.9939, 90],
		[12, "R4", "T", 530, -753.9939, 90],
		[13, "R5", "T", 600, -753.9939, 270],
		[14, "R6", "T", 191.984, -935, 270],
		[15, "R7", "T", 807.9325, -1400, 180],
		[16, "Reset", "T", 534.7019, -1375, 0],
		[17, "U1", "T", 442.027, -1097.921, 180],
		[18, "U2", "T", 810, -1110, 270],
		[19, "U3", "T", 1135, -1045, 270],
		[20, "USB1", "T", -5, -821.4424, 270],
		[21, "USB2", "T", 35, -1234.1365, 270],
		[22, "PAD1", "T", 696.91, -935, 0],
		[23, "PAD2", "T", 696.91, -985, 0],
		[24, "PAD3", "T", 696.91, -1035, 0],
		[25, "PAD4", "T", 696.91, -1085, 0],
		[26, "PAD5", "T", 696.91, -1135, 0],
		[27, "PAD6", "T", 696.91, -1185, 0],
		[28, "PAD7", "T", 923.09, -935, 0],
		[29, "PAD8", "T", 923.09, -1035, 0],
		[30, "PAD9", "T", 923.09, -1085, 0],
		[31, "PAD10", "T", 380, -779.3599, 0],
		[32, "PAD11", "T", 380, -724.2399, 0],
		[33, "PAD12", "T", 305, -779.66, 0],
		[34, "PAD13", "T", 305, -720.34, 0],
		[35, "PAD14", "T", 530, -724.3339, 0],
		[36, "PAD15", "T", 530, -783.6539, 0],
		[37, "PAD16", "T", 842.6, -794.8114, 0],
		[38, "PAD17", "T", 917.4, -794.8114, 0],
		[39, "PAD18", "T", 880, -716.0714, 0],
		[40, "PAD19", "T", 692.6, -794.8114, 0],
		[41, "PAD20", "T", 767.4, -794.8114, 0],
		[42, "PAD21", "T", 730, -716.0714, 0],
		[43, "PAD22", "T", 600, -783.6519, 0],
		[44, "PAD23", "T", 600, -724.3419, 0],
		[45, "PAD24", "T", 453.4719, -724.3359, 0],
		[46, "PAD25", "T", 453.4719, -783.6459, 0],
		[47, "PAD26", "T", 1135, -795, 0],
		[48, "PAD26", "B", 1135, -795, 0],
		[49, "PAD27", "T", 1135, -895, 0],
		[50, "PAD27", "B", 1135, -895, 0],
		[51, "PAD28", "T", 1135, -995, 0],
		[52, "PAD28", "B", 1135, -995, 0],
		[53, "PAD29", "T", 1135, -1095, 0],
		[54, "PAD29", "B", 1135, -1095, 0],
		[55, "PAD30", "T", 1135, -1195, 0],
		[56, "PAD30", "B", 1135, -1195, 0],
		[57, "PAD31", "T", 1135, -1295, 0],
		[58, "PAD31", "B", 1135, -1295, 0],
		[59, "PAD32", "T", 57.853, -872.6224, 0],
		[60, "PAD33", "T", 57.853, -821.4424, 0],
		[61, "PAD34", "T", 57.853, -795.8524, 0],
		[62, "PAD35", "T", 57.853, -770.2624, 0],
		[63, "PAD36", "T", -67.847, -964.1524, 0],
		[64, "PAD36", "B", -67.847, -964.1524, 0],
		[65, "PAD37", "T", -67.847, -678.7324, 0],
		[66, "PAD37", "B", -67.847, -678.7324, 0],
		[67, "PAD38", "T", 37.273, -725.9724, 0],
		[68, "PAD38", "B", 37.273, -725.9724, 0],
		[69, "PAD39", "T", 37.283, -916.9124, 0],
		[70, "PAD39", "B", 37.283, -916.9124, 0],
		[71, "PAD40", "T", 330.417, -1007.371, 0],
		[72, "PAD41", "T", 330.417, -1097.921, 0],
		[73, "PAD42", "T", 330.417, -1188.471, 0],
		[74, "PAD43", "T", 307.5581, -1290, 0],
		[75, "PAD44", "T", 362.6781, -1290, 0],
		[76, "PAD45", "T", 362.663, -915.213, 0],
		[77, "PAD46", "T", 307.543, -915.213, 0],
		[78, "PAD47", "T", 191.984, -720.34, 0],
		[79, "PAD48", "T", 191.984, -779.66, 0],
		[80, "PAD49", "T", 191.984, -964.66, 0],
		[81, "PAD50", "T", 191.984, -905.34, 0],
		[82, "PAD51", "T", 225, -1387.8925, 0],
		[83, "PAD52", "T", 225, -1332.7725, 0],
		[84, "PAD53", "T", 225, -1135.7095, 0],
		[85, "PAD54", "T", 225, -1080.5895, 0],
		[86, "PAD55", "T", 131.9, -1303.0365, 0],
		[87, "PAD56", "T", 131.9, -1263.6665, 0],
		[88, "PAD57", "T", 131.9, -1243.9765, 0],
		[89, "PAD58", "T", 131.9, -1224.2965, 0],
		[90, "PAD59", "T", 131.9, -1204.6065, 0],
		[91, "PAD60", "T", 131.9, -1184.9265, 0],
		[92, "PAD61", "T", 131.9, -1328.6265, 0],
		[93, "PAD62", "T", 131.9, -1360.1165, 0],
		[94, "PAD63", "T", 131.9, -1139.6465, 0],
		[95, "PAD64", "T", 131.9, -1108.1565, 0],
		[96, "PAD65", "T", -61.9, -1404.2165, 0],
		[97, "PAD65", "B", -61.9, -1404.2165, 0],
		[98, "PAD66", "T", -61.9, -1064.0565, 0],
		[99, "PAD66", "B", -61.9, -1064.0565, 0],
		[100, "PAD67", "T", 102.67, -1404.2165, 0],
		[101, "PAD67", "B", 102.67, -1404.2165, 0],
		[102, "PAD68", "T", 102.67, -1064.0565, 0],
		[103, "PAD68", "B", 102.67, -1064.0565, 0],
		[104, "PAD69", "T", 454.5819, -1375, 0],
		[105, "PAD70", "T", 614.8219, -1375, 0],
		[106, "PAD71", "T", 778.2725, -1400, 0],
		[107, "PAD72", "T", 837.5925, -1400, 0],
		[108, "PAD73", "T", 983.5, -1396.0575, 0],
		[109, "PAD74", "T", 916.5, -1396.0575, 0]
	]
},
"pins": {
	"fields": ["PIN_NO", "PIN_NAME", "PIN_X", "PIN_Y", "LAYER", "PIN_TYPE", "NET_NAME", "NET_TYPE", "PAD_SHAPE", "PAD_SIZEX", "PAD_SIZEY", "HOLE_SIZE", "HOLE_LEN", "PAD_ANGLE"],
	"rows": [
		[1, "C1_1", 380, -724.2399, "T", "SMD", "GND", "GND", "R", 31.496, 35.433, 0, 0, 90],
		[2, "C1_2", 380, -779.3599, "T", "SMD", "3V3", "", "R", 31.496, 35.433, 0, 0, 90],
		[3, "C2_1", 307.543, -915.213, "T", "SMD", "GND", "GND", "R", 31.496, 35.433, 0, 0, 180],
		[4, "C2_2", 362.663, -915.213, "T", "SMD", "3V3", "", "R", 31.496, 35.433, 0, 0, 180],
		[5, "C3_1", 225, -1080.5895, "T", "SMD", "GND", "GND", "R", 31.496, 35.433, 0, 0, 270],
		[6, "C3_2", 225, -1135.7095, "T", "SMD", "+5V", "", "R", 31.496, 35.433, 0, 0, 270],
		[7, "C4_1", 225, -1332.7725, "T", "SMD", "+5V", "", "R", 31.496, 35.433, 0, 0, 270],
		[8, "C4_2", 225, -1387.8925, "T", "SMD", "GND", "GND", "R", 31.496, 35.433, 0, 0, 270],
		[9, "C5_1", 362.6781, -1290, "T", "SMD", "GND", "GND", "R", 31.496, 35.433, 0, 0, 0],
		[10, "C5_2", 307.5581, -1290, "T", "SMD", "+5V", "", "R", 31.496, 35.433, 0, 0, 0],
		[11, "LED1_1", 916.5, -1396.0575, "T", "SMD", "$1N5143", "", "R", 31.496, 31.496, 0, 0, 270],
		[12, "LED1_2", 983.5, -1396.0575, "T", "SMD", "GND", "GND", "R", 31.496, 31.496, 0, 0, 270],
		[13, "Q1_8050_1", 842.6, -794.8114, "T", "SMD", "$1N1261", "", "R", 49.213, 27.559, 0, 0, 270],
		[14, "Q1_8050_2", 917.4, -794.8114, "T", "SMD", "RTS", "", "R", 49.213, 27.559, 0, 0, 270],
		[15, "Q1_8050_3", 880, -716.0714, "T", "SMD", "EN", "", "R", 49.213, 27.559, 0, 0, 270],
		[16, "Q2_8050_1", 692.6, -794.8114, "T", "SMD", "$1N1262", "", "R", 49.213, 27.559, 0, 0, 270],
		[17, "Q2_8050_2", 767.4, -794.8114, "T", "SMD", "DTR", "", "R", 49.213, 27.559, 0, 0, 270],
		[18, "Q2_8050_3", 730, -716.0714, "T", "SMD", "IO0", "", "R", 49.213, 27.559, 0, 0, 270],
		[19, "R1_1", 191.984, -779.66, "T", "SMD", "$1N2729", "", "R", 31.751, 34.016, 0, 0, 90],
		[20, "R1_2", 191.984, -720.34, "T", "SMD", "GND", "GND", "R", 31.751, 34.016, 0, 0, 90],
		[21, "R2_1", 305, -720.34, "T", "SMD", "U0TX", "", "R", 31.751, 34.016, 0, 0, 90],
		[22, "R2_2", 305, -779.66, "T", "SMD", "$1N1253", "", "R", 31.751, 34.016, 0, 0, 90],
		[23, "R3_1", 453.4719, -783.6459, "T", "SMD", "$1N1262", "", "R", 31.751, 34.016, 0, 0, 90],
		[24, "R3_2", 453.4719, -724.3359, "T", "SMD", "RTS", "", "R", 31.751, 34.016, 0, 0, 90],
		[25, "R4_1", 530, -783.6539, "T", "SMD", "U0RX", "", "R", 31.751, 34.016, 0, 0, 270],
		[26, "R4_2", 530, -724.3339, "T", "SMD", "$1N1256", "", "R", 31.751, 34.016, 0, 0, 270],
		[27, "R5_1", 600, -724.3419, "T", "SMD", "$1N1261", "", "R", 31.751, 34.016, 0, 0, 270],
		[28, "R5_2", 600, -783.6519, "T", "SMD", "DTR", "", "R", 31.751, 34.016, 0, 0, 270],
		[29, "R6_1", 191.984, -905.34, "T", "SMD", "$1N2761", "", "R", 31.751, 34.016, 0, 0, 270],
		[30, "R6_2", 191.984, -964.66, "T", "SMD", "GND", "GND", "R", 31.751, 34.016, 0, 0, 270],
		[31, "R7_1", 837.5925, -1400, "T", "SMD", "$1N5143", "", "R", 31.751, 34.016, 0, 0, 180],
		[32, "R7_2", 778.2725, -1400, "T", "SMD", "3V3", "", "R", 31.751, 34.016, 0, 0, 180],
		[33, "Reset_1", 454.5819, -1375, "T", "SMD", "GND", "GND", "R", 60.236, 53.543, 0, 0, 0],
		[34, "Reset_2", 614.8219, -1375, "T", "SMD", "EN", "", "R", 60.236, 53.543, 0, 0, 0],
		[35, "U1_1", 330.417, -1007.371, "T", "SMD", "GND", "GND", "R", 97.244, 38.583, 0, 0, 180],
		[36, "U1_2", 330.417, -1097.921, "T", "SMD", "3V3", "", "R", 97.244, 38.583, 0, 0, 180],
		[37, "U1_3", 330.417, -1188.471, "T", "SMD", "+5V", "", "R", 97.244, 38.583, 0, 0, 180],
		[38, "U1_4", 553.637, -1097.921, "T", "SMD", "NET_1", "", "R", 97.244, 141.732, 0, 0, 180],
		[39, "U2_1", 696.91, -935, "T", "SMD", "GND", "GND", "O", 22.047, 68.701, 0, 0, 90],
		[40, "U2_2", 696.91, -985, "T", "SMD", "$1N1256", "", "O", 22.047, 68.701, 0, 0, 90],
		[41, "U2_3", 696.91, -1035, "T", "SMD", "$1N1253", "", "O", 22.047, 68.701, 0, 0, 90],
		[42, "U2_4", 696.91, -1085, "T", "SMD", "3V3", "", "O", 22.047, 68.701, 0, 0, 90],
		[43, "U2_5", 696.91, -1135, "T", "SMD", "D+", "", "O", 22.047, 68.701, 0, 0, 90],
		[44, "U2_6", 696.91, -1185, "T", "SMD", "D-", "", "O", 22.047, 68.701, 0, 0, 90],
		[45, "U2_7", 696.91, -1235, "T", "SMD", "NET_2", "", "O", 22.047, 68.701, 0, 0, 90],
		[46, "U2_8", 696.91, -1285, "T", "SMD", "NET_3", "", "O", 22.047, 68.701, 0, 0, 90],
		[47, "U2_9", 923.09, -1285, "T", "SMD", "NET_4", "", "O", 22.047, 68.701, 0, 0, 90],
		[48, "U2_10", 923.09, -1235, "T", "SMD", "NET_5", "", "O", 22.047, 68.701, 0, 0, 90],
		[49, "U2_11", 923.09, -1185, "T", "SMD", "NET_6", "", "O", 22.047, 68.701, 0, 0, 90],
		[50, "U2_12", 923.09, -1135, "T", "SMD", "NET_7", "", "O", 22.047, 68.701, 0, 0, 90],
		[51, "U2_13", 923.09, -1085, "T", "SMD", "DTR", "", "O", 22.047, 68.701, 0, 0, 90],
		[52, "U2_14", 923.09, -1035, "T", "SMD", "RTS", "", "O", 22.047, 68.701, 0, 0, 90],
		[53, "U2_15", 923.09, -985, "T", "SMD", "NET_8", "", "O", 22.047, 68.701, 0, 0, 90],
		[54, "U2_16", 923.09, -935, "T", "SMD", "3V3", "", "O", 22.047, 68.701, 0, 0, 90],
		[55, "U3_1", 1135, -795, "T", "DIP", "3V3", "", "R", 66.929, 66.929, 43.308, 43.308, 270],
		[56, "U3_1", 1135, -795, "B", "DIP", "3V3", "", "R", 66.929, 66.929, 43.308, 43.308, 270],
		[57, "U3_2", 1135, -895, "T", "DIP", "EN", "", "C", 66.929, 66.929, 43.308, 43.308, 270],
		[58, "U3_2", 1135, -895, "B", "DIP", "EN", "", "C", 66.929, 66.929, 43.308, 43.308, 270],
		[59, "U3_3", 1135, -995, "T", "DIP", "IO0", "", "C", 66.929, 66.929, 43.308, 43.308, 270],
		[60, "U3_3", 1135, -995, "B", "DIP", "IO0", "", "C", 66.929, 66.929, 43.308, 43.308, 270],
		[61, "U3_4", 1135, -1095, "T", "DIP", "U0RX", "", "C", 66.929, 66.929, 43.308, 43.308, 270],
		[62, "U3_4", 1135, -1095, "B", "DIP", "U0RX", "", "C", 66.929, 66.929, 43.308, 43.308, 270],
		[63, "U3_5", 1135, -1195, "T", "DIP", "U0TX", "", "C", 66.929, 66.929, 43.308, 43.308, 270],
		[64, "U3_5", 1135, -1195, "B", "DIP", "U0TX", "", "C", 66.929, 66.929, 43.308, 43.308, 270],
		[65, "U3_6", 1135, -1295, "T", "DIP", "GND", "GND", "C", 66.929, 66.929, 43.308, 43.308, 270],
		[66, "U3_6", 1135, -1295, "B", "DIP", "GND", "GND", "C", 66.929, 66.929, 43.308, 43.308, 270],
		[67, "USB1_1", 57.853, -770.2624, "T", "SMD", "+5V", "", "R", 62.992, 15.748, 0, 0, 180],
		[68, "USB1_2", 57.853, -795.8524, "T", "SMD", "D-", "", "R", 62.992, 15.748, 0, 0, 180],
		[69, "USB1_3", 57.853, -821.4424, "T", "SMD", "D+", "", "R", 62.992, 15.748, 0, 0, 180],
		[70, "USB1_4", 57.853, -847.0324, "T", "SMD", "NET_9", "", "R", 62.992, 15.748, 0, 0, 180],
		[71, "USB1_5", 57.853, -872.6224, "T", "SMD", "GND", "GND", "R", 62.992, 15.748, 0, 0, 180],
		[72, "USB1_6", 37.283, -916.9124, "T", "DIP", "GND", "GND", "C", 51.181, 51.181, 27.56, 27.56, 270],
		[73, "USB1_6", 37.283, -916.9124, "B", "DIP", "GND", "GND", "C", 51.181, 51.181, 27.56, 27.56, 270],
		[74, "USB1_7", -67.847, -964.1524, "T", "DIP", "GND", "GND", "O", 51.181, 70.866, 27.56, 43.307, 270],
		[75, "USB1_7", -67.847, -964.1524, "B", "DIP", "GND", "GND", "O", 51.181, 70.866, 27.56, 43.307, 270],
		[76, "USB1_8", -67.847, -678.7324, "T", "DIP", "GND", "GND", "O", 51.181, 70.866, 27.56, 43.307, 270],
		[77, "USB1_8", -67.847, -678.7324, "B", "DIP", "GND", "GND", "O", 51.181, 70.866, 27.56, 43.307, 270],
		[78, "USB1_9", 37.273, -725.9724, "T", "DIP", "GND", "GND", "C", 51.181, 51.181, 27.56, 27.56, 270],
		[79, "USB1_9", 37.273, -725.9724, "B", "DIP", "GND", "GND", "C", 51.181, 51.181, 27.56, 27.56, 270],
		[80, "USB2_13", 102.67, -1404.2165, "T", "DIP", "GND", "GND", "O", 47.244, 86.614, 27.56, 70.866, 270],
		[81, "USB2_13", 102.67, -1404.2165, "B", "DIP", "GND", "GND", "O", 47.244, 86.614, 27.56, 70.866, 270],
		[82, "USB2_14", -61.9, -1404.2165, "T", "DIP", "GND", "GND", "O", 47.244, 70.866, 27.56, 51.181, 270],
		[83, "USB2_14", -61.9, -1404.2165, "B", "DIP", "GND", "GND", "O", 47.244, 70.866, 27.56, 51.181, 270],
		[84, "USB2_15", -61.9, -1064.0565, "T", "DIP", "GND", "GND", "O", 47.244, 70.866, 27.56, 51.181, 270],
		[85, "USB2_15", -61.9, -1064.0565, "B", "DIP", "GND", "GND", "O", 47.244, 70.866, 27.56, 51.181, 270],
		[86, "USB2_16", 102.67, -1064.0565, "T", "DIP", "GND", "GND", "O", 47.244, 86.614, 27.56, 70.866, 270],
		[87, "USB2_16", 102.67, -1064.0565, "B", "DIP", "GND", "GND", "O", 47.244, 86.614, 27.56, 70.866, 270],
		[88, "USB2_A1B12", 131.9, -1108.1565, "T", "SMD", "GND", "GND", "R", 23.622, 51.181, 0, 0, 270],
		[89, "USB2_A4B9", 131.9, -1139.6465, "T", "SMD", "+5V", "", "R", 23.622, 51.181, 0, 0, 270],
		[90, "USB2_A5", 131.9, -1184.9265, "T", "SMD", "$1N2761", "", "R", 11.811, 51.181, 0, 0, 270],
		[91, "USB2_A6", 131.9, -1224.2965, "T", "SMD", "D+", "", "R", 11.811, 51.181, 0, 0, 270],
		[92, "USB2_A7", 131.9, -1243.9765, "T", "SMD", "D-", "", "R", 11.811, 51.181, 0, 0, 270],
		[93, "USB2_A8", 131.9, -1283.3465, "T", "SMD", "NET_10", "", "R", 11.811, 51.181, 0, 0, 270],
		[94, "USB2_B1A12", 131.9, -1360.1165, "T", "SMD", "GND", "GND", "R", 23.622, 51.181, 0, 0, 270],
		[95, "USB2_B4A9", 131.9, -1328.6265, "T", "SMD", "+5V", "", "R", 23.622, 51.181, 0, 0, 270],
		[96, "USB2_B5", 131.9, -1303.0365, "T", "SMD", "$1N2729", "", "R", 11.811, 51.181, 0, 0, 270],
		[97, "USB2_B6", 131.9, -1263.6665, "T", "SMD", "D+", "", "R", 11.811, 51.181, 0, 0, 270],
		[98, "USB2_B7", 131.9, -1204.6065, "T", "SMD", "D-", "", "R", 11.811, 51.181, 0, 0, 270],
		[99, "USB2_B8", 131.9, -1165.2365, "T", "SMD", "NET_11", "", "R", 11.811, 51.181, 0, 0, 270],
		[100, "PAD1_1", 696.91, -935, "T", "SMD", "GND", "GND", "O", 22.047, 68.701, 0, 0, 90],
		[101, "PAD2_2", 696.91, -985, "T", "SMD", "$1N1256", "", "O", 22.047, 68.701, 0, 0, 90],
		[102, "PAD3_3", 696.91, -1035, "T", "SMD", "$1N1253", "", "O", 22.047, 68.701, 0, 0, 90],
		[103, "PAD4_4", 696.91, -1085, "T", "SMD", "3V3", "", "O", 22.047, 68.701, 0, 0, 90],
		[104, "PAD5_5", 696.91, -1135, "T", "SMD", "D+", "", "O", 22.047, 68.701, 0, 0, 90],
		[105, "PAD6_6", 696.91, -1185, "T", "SMD", "D-", "", "O", 22.047, 68.701, 0, 0, 90],
		[106, "PAD7_16", 923.09, -935, "T", "SMD", "3V3", "", "O", 22.047, 68.701, 0, 0, 90],
		[107, "PAD8_14", 923.09, -1035, "T", "SMD", "RTS", "", "O", 22.047, 68.701, 0, 0, 90],
		[108, "PAD9_13", 923.09, -1085, "T", "SMD", "DTR", "", "O", 22.047, 68.701, 0, 0, 90],
		[109, "PAD10_2", 380, -779.3599, "T", "SMD", "3V3", "", "R", 31.496, 35.433, 0, 0, 90],
		[110, "PAD11_1", 380, -724.2399, "T", "SMD", "GND", "GND", "R", 31.496, 35.433, 0, 0, 90],
		[111, "PAD12_2", 305, -779.66, "T", "SMD", "$1N1253", "", "R", 31.751, 34.016, 0, 0, 90],
		[112, "PAD13_1", 305, -720.34, "T", "SMD", "U0TX", "", "R", 31.751, 34.016, 0, 0, 90],
		[113, "PAD14_2", 530, -724.3339, "T", "SMD", "$1N1256", "", "R", 31.751, 34.016, 0, 0, 270],
		[114, "PAD15_1", 530, -783.6539, "T", "SMD", "U0RX", "", "R", 31.751, 34.016, 0, 0, 270],
		[115, "PAD16_1", 842.6, -794.8114, "T", "SMD", "$1N1261", "", "R", 49.213, 27.559, 0, 0, 270],
		[116, "PAD17_2", 917.4, -794.8114, "T", "SMD", "RTS", "", "R", 49.213, 27.559, 0, 0, 270],
		[117, "PAD18_3", 880, -716.0714, "T", "SMD", "EN", "", "R", 49.213, 27.559, 0, 0, 270],
		[118, "PAD19_1", 692.6, -794.8114, "T", "SMD", "$1N1262", "", "R", 49.213, 27.559, 0, 0, 270],
		[119, "PAD20_2", 767.4, -794.8114, "T", "SMD", "DTR", "", "R", 49.213, 27.559, 0, 0, 270],
		[120, "PAD21_3", 730, -716.0714, "T", "SMD", "IO0", "", "R", 49.213, 27.559, 0, 0, 270],
		[121, "PAD22_2", 600, -783.6519, "T", "SMD", "DTR", "", "R", 31.751, 34.016, 0, 0, 270],
		[122, "PAD23_1", 600, -724.3419, "T", "SMD", "$1N1261", "", "R", 31.751, 34.016, 0, 0, 270],
		[123, "PAD24_2", 453.4719, -724.3359, "T", "SMD", "RTS", "", "R", 31.751, 34.016, 0, 0, 90],
		[124, "PAD25_1", 453.4719, -783.6459, "T", "SMD", "$1N1262", "", "R", 31.751, 34.016, 0, 0, 90],
		[125, "PAD26_1", 1135, -795, "T", "DIP", "3V3", "", "R", 66.929, 66.929, 43.308, 43.308, 270],
		[126, "PAD26_1", 1135, -795, "B", "DIP", "3V3", "", "R", 66.929, 66.929, 43.308, 43.308, 270],
		[127, "PAD27_2", 1135, -895, "T", "DIP", "EN", "", "C", 66.929, 66.929, 43.308, 43.308, 270],
		[128, "PAD27_2", 1135, -895, "B", "DIP", "EN", "", "C", 66.929, 66.929, 43.308, 43.308, 270],
		[129, "PAD28_3", 1135, -995, "T", "DIP", "IO0", "", "C", 66.929, 66.929, 43.308, 43.308, 270],
		[130, "PAD28_3", 1135, -995, "B", "DIP", "IO0", "", "C", 66.929, 66.929, 43.308, 43.308, 270],
		[131, "PAD29_4", 1135, -1095, "T", "DIP", "U0RX", "", "C", 66.929, 66.929, 43.308, 43.308, 270],
		[132, "PAD29_4", 1135, -1095, "B", "DIP", "U0RX", "", "C", 66.929, 66.929, 43.308, 43.308, 270],
		[133, "PAD30_5", 1135, -1195, "T", "DIP", "U0TX", "", "C", 66.929, 66.929, 43.308, 43.308, 270],
		[134, "PAD30_5", 1135, -1195, "B", "DIP", "U0TX", "", "C", 66.929, 66.929, 43.308, 43.308, 270],
		[135, "PAD31_6", 1135, -1295, "T", "DIP", "GND", "GND", "C", 66.929, 66.929, 43.308, 43.308, 270],
		[136, "PAD31_6", 1135, -1295, "B", "DIP", "GND", "GND", "C", 66.929, 66.929, 43.308, 43.308, 270],
		[137, "PAD32_5", 57.853, -872.6224, "T", "SMD", "GND", "GND", "R", 62.992, 15.748, 0, 0, 180],
		[138, "PAD33_3", 57.853, -821.4424, "T", "SMD", "D+", "", "R", 62.992, 15.748, 0, 0, 180],
		[139, "PAD34_2", 57.853, -795.8524, "T", "SMD", "D-", "", "R", 62.992, 15.748, 0, 0, 180],
		[140, "PAD35_1", 57.853, -770.2624, "T", "SMD", "+5V", "", "R", 62.992, 15.748, 0, 0, 180],
		[141, "PAD36_7", -67.847, -964.1524, "T", "DIP", "GND", "GND", "O", 51.181, 70.866, 27.56, 43.307, 270],
		[142, "PAD36_7", -67.847, -964.1524, "B", "DIP", "GND", "GND", "O", 51.181, 70.866, 27.56, 43.307, 270],
		[143, "PAD37_8", -67.847, -678.7324, "T", "DIP", "GND", "GND", "O", 51.181, 70.866, 27.56, 43.307, 270],
		[144, "PAD37_8", -67.847, -678.7324, "B", "DIP", "GND", "GND", "O", 51.181, 70.866, 27.56, 43.307, 270],
		[145, "PAD38_9", 37.273, -725.9724, "T", "DIP", "GND", "GND", "C", 51.181, 51.181, 27.56, 27.56, 270],
		[146, "PAD38_9", 37.273, -725.9724, "B", "DIP", "GND", "GND", "C", 51.181, 51.181, 27.56, 27.56, 270],
		[147, "PAD39_6", 37.283, -916.9124, "T", "DIP", "GND", "GND", "C", 51.181, 51.181, 27.56, 27.56, 270],
		[148, "PAD39_6", 37.283, -916.9124, "B", "DIP", "GND", "GND", "C", 51.181, 51.181, 27.56, 27.56, 270],
		[149, "PAD40_1", 330.417, -1007.371, "T", "SMD", "GND", "GND", "R", 97.244, 38.583, 0, 0, 180],
		[150, "PAD41_2", 330.417, -1097.921, "T", "SMD", "3V3", "", "R", 97.244, 38.583, 0, 0, 180],
		[151, "PAD42_3", 330.417, -1188.471, "T", "SMD", "+5V", "", "R", 97.244, 38.583, 0, 0, 180],
		[152, "PAD43_2", 307.5581, -1290, "T", "SMD", "+5V", "", "R", 31.496, 35.433, 0, 0, 0],
		[153, "PAD44_1", 362.6781, -1290, "T", "SMD", "GND", "GND", "R", 31.496, 35.433, 0, 0, 0],
		[154, "PAD45_2", 362.663, -915.213, "T", "SMD", "3V3", "", "R", 31.496, 35.433, 0, 0, 180],
		[155, "PAD46_1", 307.543, -915.213, "T", "SMD", "GND", "GND", "R", 31.496, 35.433, 0, 0, 180],
		[156, "PAD47_2", 191.984, -720.34, "T", "SMD", "GND", "GND", "R", 31.751, 34.016, 0, 0, 90],
		[157, "PAD48_1", 191.984, -779.66, "T", "SMD", "$1N2729", "", "R", 31.751, 34.016, 0, 0, 90],
		[158, "PAD49_2", 191.984, -964.66, "T", "SMD", "GND", "GND", "R", 31.751, 34.016, 0, 0, 270],
		[159, "PAD50_1", 191.984, -905.34, "T", "SMD", "$1N2761", "", "R", 31.751, 34.016, 0, 0, 270],
		[160, "PAD51_2", 225, -1387.8925, "T", "SMD", "GND", "GND", "R", 31.496, 35.433, 0, 0, 270],
		[161, "PAD52_1", 225, -1332.7725, "T", "SMD", "+5V", "", "R", 31.496, 35.433, 0, 0, 270],
		[162, "PAD53_2", 225, -1135.7095, "T", "SMD", "+5V", "", "R", 31.496, 35.433, 0, 0, 270],
		[163, "PAD54_1", 225, -1080.5895, "T", "SMD", "GND", "GND", "R", 31.496, 35.433, 0, 0, 270],
		[164, "PAD55_B5", 131.9, -1303.0365, "T", "SMD", "$1N2729", "", "R", 11.811, 51.181, 0, 0, 270],
		[165, "PAD56_B6", 131.9, -1263.6665, "T", "SMD", "D+", "", "R", 11.811, 51.181, 0, 0, 270],
		[166, "PAD57_A7", 131.9, -1243.9765, "T", "SMD", "D-", "", "R", 11.811, 51.181, 0, 0, 270],
		[167, "PAD58_A6", 131.9, -1224.2965, "T", "SMD", "D+", "", "R", 11.811, 51.181, 0, 0, 270],
		[168, "PAD59_B7", 131.9, -1204.6065, "T", "SMD", "D-", "", "R", 11.811, 51.181, 0, 0, 270],
		[169, "PAD60_A5", 131.9, -1184.9265, "T", "SMD", "$1N2761", "", "R", 11.811, 51.181, 0, 0, 270],
		[170, "PAD61_B4A9", 131.9, -1328.6265, "T", "SMD", "+5V", "", "R", 23.622, 51.181, 0, 0, 270],
		[171, "PAD62_B1A12", 131.9, -1360.1165, "T", "SMD", "GND", "GND", "R", 23.622, 51.181, 0, 0, 270],
		[172, "PAD63_A4B9", 131.9, -1139.6465, "T", "SMD", "+5V", "", "R", 23.622, 51.181, 0, 0, 270],
		[173, "PAD64_A1B12", 131.9, -1108.1565, "T", "SMD", "GND", "GND", "R", 23.622, 51.181, 0, 0, 270],
		[174, "PAD65_14", -61.9, -1404.2165, "T", "DIP", "GND", "GND", "O", 47.244, 70.866, 27.56, 51.181, 270],
		[175, "PAD65_14", -61.9, -1404.2165, "B", "DIP", "GND", "GND", "O", 47.244, 70.866, 27.56, 51.181, 270],
		[176, "PAD66_15", -61.9, -1064.0565, "T", "DIP", "GND", "GND", "O", 47.244, 70.866, 27.56, 51.181, 270],
		[177, "PAD66_15", -61.9, -1064.0565, "B", "DIP", "GND", "GND", "O", 47.244, 70.866, 27.56, 51.181, 270],
		[178, "PAD67_13", 102.67, -1404.2165, "T", "DIP", "GND", "GND", "O", 47.244, 86.614, 27.56, 70.866, 270],
		[179, "PAD67_13", 102.67, -1404.2165, "B", "DIP", "GND", "GND", "O", 47.244, 86.614, 27.56, 70.866, 270],
		[180, "PAD68_16", 102.67, -1064.0565, "T", "DIP", "GND", "GND", "O", 47.244, 86.614, 27.56, 70.866, 270],
		[181, "PAD68_16", 102.67, -1064.0565, "B", "DIP", "GND", "GND", "O", 47.244, 86.614, 27.56, 70.866, 270],
		[182, "PAD69_1", 454.5819, -1375, "T", "SMD", "GND", "GND", "R", 60.236, 53.543, 0, 0, 0],
		[183, "PAD70_2", 614.8219, -1375, "T", "SMD", "EN", "", "R", 60.236, 53.543, 0, 0, 0],
		[184, "PAD71_2", 778.2725, -1400, "T", "SMD", "3V3", "", "R", 31.751, 34.016, 0, 0, 180],
		[185, "PAD72_1", 837.5925, -1400, "T", "SMD", "$1N5143", "", "R", 31.751, 34.016, 0, 0, 180],
		[186, "PAD73_2", 983.5, -1396.0575, "T", "SMD", "GND", "GND", "R", 31.496, 31.496, 0, 0, 270],
		[187, "PAD74_1", 916.5, -1396.0575, "T", "SMD", "$1N5143", "", "R", 31.496, 31.496, 0, 0, 270]
	]
}
}